USE VolvoFinalProject;

INSERT INTO Contact (AddressNumber, Email, TelephoneNumber, Street, City, Neighborhood, State, CEP, TelephoneType) 
VALUES 
(123, 'joao@example.com', '1234567890', 'Rua A', 'São Paulo', 'Centro', 'SP', '01234567', 1),
(456, 'maria@example.com', '9876543210', 'Rua B', 'Rio de Janeiro', 'Copacabana', 'RJ', '21098765', 2),
(789, 'carlos@example.com', '4561237890', 'Avenida C', 'Belo Horizonte', 'Savassi', 'MG', '30123456', 1),
(1011, 'ana@example.com', '3216549870', 'Rua D', 'Brasília', 'Asa Sul', 'DF', '70312345', 3),
(1314, 'pedro@example.com', '1597532468', 'Avenida E', 'Salvador', 'Barra', 'BA', '40123456', 2),
(1617, 'lucia@example.com', '8529637410', 'Rua F', 'Fortaleza', 'Meireles', 'CE', '60123456', 1),
(1819, 'jose@example.com', '3698521470', 'Avenida G', 'Recife', 'Boa Viagem', 'PE', '51123456', 3),
(2021, 'ana.maria@example.com', '1472583690', 'Rua H', 'Porto Alegre', 'Moinhos de Vento', 'RS', '90123456', 2),
(2223, 'ricardo@example.com', '2583691470', 'Avenida I', 'Curitiba', 'Batel', 'PR', '80123456', 1),
(2425, 'patricia@example.com', '3691472580', 'Rua J', 'Manaus', 'Adrianópolis', 'AM', '69050000', 3),
(2627, 'felipe@example.com', '4567891230', 'Avenida K', 'Natal', 'Ponta Negra', 'RN', '59090000', 2),
(2829, 'camila@example.com', '6549873210', 'Rua L', 'Florianópolis', 'Centro', 'SC', '88015000', 1),
(3031, 'bruno@example.com', '9876543210', 'Avenida M', 'Goiânia', 'Setor Marista', 'GO', '74190000', 3),
(3233, 'marina@example.com', '9876541230', 'Rua N', 'Campo Grande', 'Centro', 'MS', '79002000', 2),
(3435, 'rafael@example.com', '3216549870', 'Avenida O', 'João Pessoa', 'Bessa', 'PB', '58035000', 1),
(3637, 'gabriela@example.com', '9632587410', 'Rua P', 'Vitória', 'Praia do Canto', 'ES', '29055000', 3),
(3839, 'fernando@example.com', '8529637410', 'Avenida Q', 'Aracaju', 'Atalaia', 'SE', '49038000', 2),
(4041, 'andre@example.com', '7418529630', 'Rua R', 'Cuiabá', 'Centro Sul', 'MT', '78005000', 1),
(4243, 'patricia@example.com', '1478523690', 'Avenida S', 'Teresina', 'Jóquei', 'PI', '64049000', 3),
(4445, 'marcio@example.com', '3698521470', 'Rua T', 'Boa Vista', 'Centro', 'RR', '69301000', 2),
(4647, 'luisa@example.com', '3692581470', 'Rua U', 'Porto Velho', 'Centro', 'RO', '76801000', 1),
(4849, 'thiago@example.com', '1472583690', 'Avenida V', 'Maceió', 'Pajuçara', 'AL', '57030000', 2),
(5051, 'isabela@example.com', '9638527410', 'Rua W', 'São Luís', 'Renascença', 'MA', '65075110', 3),
(5253, 'ricardo@example.com', '9876543210', 'Avenida X', 'Teresópolis', 'Várzea', 'RJ', '25953450', 1),
(5455, 'bianca@example.com', '3216549870', 'Rua Y', 'Campinas', 'Cambuí', 'SP', '13024000', 2),
(5657, 'gustavo@example.com', '7418529630', 'Avenida Z', 'Uberlândia', 'Centro', 'MG', '38400010', 3),
(5859, 'carolina@example.com', '8529637410', 'Rua AA', 'Santos', 'Boqueirão', 'SP', '11020340', 1),
(6061, 'diego@example.com', '3698521470', 'Avenida AB', 'Florianópolis', 'Trindade', 'SC', '88036000', 2),
(6263, 'beatriz@example.com', '1478523690', 'Rua AC', 'Niterói', 'Icaraí', 'RJ', '24230002', 3),
(6465, 'fabio@example.com', '3216549870', 'Avenida AD', 'São José dos Campos', 'Jardim Satélite', 'SP', '12230180', 1),
(6667, 'lara@example.com', '9876543210', 'Rua AE', 'Ribeirão Preto', 'Jardim Paulista', 'SP', '14090000', 2),
(6869, 'thales@example.com', '3698521470', 'Avenida AF', 'Campina Grande', 'Catolé', 'PB', '58410075', 3),
(7071, 'raquel@example.com', '8529637410', 'Rua AG', 'São José', 'Centro', 'SC', '88101000', 1),
(7273, 'renata@example.com', '7418529630', 'Avenida AH', 'Anápolis', 'Setor Central', 'GO', '75020060', 2),
(7475, 'guilherme@example.com', '9638527410', 'Rua AI', 'Sorocaba', 'Centro', 'SP', '18035200', 3),
(7677, 'luiz@example.com', '3216549870', 'Avenida AJ', 'Governador Valadares', 'Centro', 'MG', '35010170', 1),
(7879, 'camila@example.com', '9876543210', 'Rua AK', 'Petrópolis', 'Centro', 'RJ', '25685030', 2),
(8081, 'pedro@example.com', '3698521470', 'Avenida AL', 'Uberaba', 'Centro', 'MG', '38000100', 3),
(8283, 'lais@example.com', '8529637410', 'Rua AM', 'Juiz de Fora', 'Centro', 'MG', '36010010', 1),
(8485, 'mario@example.com', '7418529630', 'Avenida AN', 'Joinville', 'Centro', 'SC', '89201100', 2);

INSERT INTO Dealers (ContactFK, CNPJ, Name) 
VALUES 
(1, '12345678000101', 'Dicave'),
(2, '98765432000102', 'Lapônia'),
(3, '45612378000103', 'Nórdica'),
(4, '32165498000104', 'Gotemburgo'),
(5, '15975324000105', 'Auto Sueco São Paulo'),
(6, '85296374000106', 'Dipesul'),
(7, '36985214000107', 'Suécia'),
(8, '14725836000108', 'Tracbel NO'),
(9, '25836914000109', 'Treviso'),
(10, '36914725000110', 'Rivesa'),
(11, '45612378000111', 'Luvep'),
(12, '65498732000112', 'Auto Sueco Centro Oeste'),
(13, '98765432000113', 'Tracbel NE');

INSERT INTO Employees (DealerFK, ContactFK, Salary, BaseSalary, Commission, CPF, Name, Employees) 
VALUES 
(1, 1, 0, 3000.00, 1, '12345678901', 'João Silva', 1),
(1, 2, 0, 2800.00, 1, '23456789012', 'Maria Santos', 2),
(1, 3, 0, 3200.00, 0.1, '34567890123', 'Carlos Oliveira', 3),
(1, 4, 0, 2700.00, 1, '45678901234', 'Ana Souza', 1),
(1, 5, 0, 2900.00, 1, '56789012345', 'Pedro Rodrigues', 2),
(1, 6, 0, 3100.00, 0.1, '67890123456', 'Lucia Pereira', 3),
(1, 7, 0, 3000.00, 1, '78901234567', 'Jose Santos', 1),
(1, 8, 0, 2800.00, 1, '89012345678', 'Ana Maria Oliveira', 2),
(1, 9, 0, 3200.00, 0.1, '90123456789', 'Ricardo Almeida', 3),
(1, 10, 0, 2700.00, 1, '01234567890', 'Patricia Lima', 1),
(1, 11, 0, 2900.00, 1, '12345678901', 'Felipe Barbosa', 2),
(1, 12, 0, 3100.00, 0.1, '23456789012', 'Camila Souza', 3),
(1, 13, 0, 3000.00, 1, '34567890123', 'Bruno Oliveira', 1),
(1, 14, 0, 2800.00, 1, '45678901234', 'Marina Silva', 2),
(2, 15, 0, 3200.00, 0.1, '56789012345', 'Rafael Rodrigues', 3),
(2, 16, 0, 2700.00, 1, '67890123456', 'Gabriela Pereira', 1),
(2, 17, 0, 2900.00, 1, '78901234567', 'Fernando Santos', 2),
(2, 18, 0, 3100.00, 0.1, '89012345678', 'Andre Oliveira', 3),
(2, 19, 0, 3000.00, 1, '90123456789', 'Patricia Lima', 1),
(2, 20, 0, 3300.00, 1, '01234567890', 'Marcio Barbosa', 2),
(2, 21, 0, 3500.00, 0.1, '12345678901', 'Luisa Oliveira', 1),
(2, 22, 0, 3200.00, 1, '23456789012', 'Thiago Silva', 2),
(10, 23, 0, 3300.00, 0.1, '34567890123', 'Isabela Santos', 3),
(11, 24, 0, 3400.00, 1, '45678901234', 'Ricardo Rodrigues', 1),
(12, 25, 0, 3100.00, 1, '56789012345', 'Bianca Oliveira', 2),
(13, 26, 0, 3500.00, 0.1, '67890123456', 'Gustavo Silva', 3),
(10, 27, 0, 3300.00, 1, '78901234567', 'Carolina Santos', 1),
(11, 28, 0, 3200.00, 1, '89012345678', 'Diego Oliveira', 2),
(12, 29, 0, 3400.00, 0.1, '90123456789', 'Beatriz Rodrigues', 3),
(13, 30, 0, 3100.00, 1, '01234567890', 'Fabio Silva', 1),
(10, 31, 0, 3300.00, 1, '12345678901', 'Lara Oliveira', 2),
(11, 32, 0, 3200.00, 0.1, '23456789012', 'Thales Santos', 3),
(12, 33, 0, 3100.00, 1, '34567890123', 'Raquel Rodrigues', 1),
(13, 34, 0, 3400.00, 1, '45678901234', 'Renata Oliveira', 2),
(10, 35, 0, 3200.00, 0.1, '56789012345', 'Guilherme Silva', 3),
(11, 36, 0, 3300.00, 1, '67890123456', 'Luiz Santos', 1),
(12, 37, 0, 3200.00, 1, '78901234567', 'Camila Oliveira', 2),
(13, 38, 0, 3100.00, 0.1, '89012345678', 'Pedro Rodrigues', 3),
(10, 39, 0, 3400.00, 1, '90123456789', 'Lais Silva', 1),
(11, 40, 0, 3300.00, 1, '01234567890', 'Mario Oliveira', 2);


INSERT INTO Services (DealerFK, EmployeeFK, Value, Date, Situation) 
VALUES 
(1, 1, 1500.00, '10-01-2024 08:30:00', 2),
(2, 2, 1800.00, '10-01-2024 09:45:00', 2),
(3, 3, 2000.00, '10-01-2024 10:15:00', 2),
(4, 4, 1700.00, '10-01-2024 11:00:00', 2),
(5, 5, 1900.00, '10-01-2024 13:30:00', 2),
(6, 6, 1600.00, '10-01-2024 14:45:00', 2),
(7, 7, 2200.00, '11-01-2024 15:00:00', 2),
(8, 8, 2300.00, '12-01-2024 16:20:00', 2),
(9, 9, 2100.00, '13-01-2024 08:00:00', 2),
(10, 10, 1750.00, '14-01-2024 09:10:00', 2),
(11, 11, 1950.00, '15-01-2024 10:30:00', 2),
(12, 12, 1650.00, '16-01-2024 12:00:00', 2),
(13, 13, 1850.00, '17-01-2024 13:15:00', 2),
(1, 14, 2050.00, '20-01-2024 14:45:00', 2),
(2, 15, 1750.00, '20-01-2024 15:20:00', 2),
(3, 16, 1950.00, '20-01-2024 16:40:00', 2),
(4, 17, 1850.00, '20-01-2024 08:30:00', 2),
(5, 18, 2150.00, '20-01-2024 09:50:00', 2),
(6, 19, 2250.00, '20-01-2024 11:10:00', 2),
(7, 20, 2350.00, '20-01-2024 13:00:00', 2),
(3, 14, 1850.00, '01-12-2023 08:30:00', 2),
(9, 15, 2150.00, '01-12-2023 09:45:00', 2),
(7, 16, 2250.00, '05-12-2023 10:15:00', 2),
(5, 17, 2350.00, '06-12-2023 11:00:00', 2),
(1, 18, 1500.00, '06-12-2023 13:30:00', 2),
(8, 19, 1800.00, '06-12-2023 14:45:00', 2),
(2, 20, 2000.00, '06-12-2023 15:00:00', 3),
(12, 1, 1650.00, '06-12-2023 16:20:00', 3),
(10, 2, 1750.00, '06-12-2023 08:00:00', 3),
(6, 3, 1600.00, '10-12-2023 09:10:00', 2),
(11, 4, 1950.00, '11-12-2023 10:30:00', 2),
(4, 5, 1700.00, '12-12-2023 12:00:00', 2),
(13, 6, 1850.00, '13-12-2023 13:15:00', 2),
(3, 7, 2000.00, '14-12-2023 14:45:00', 2),
(9, 8, 2100.00, '15-12-2023 15:20:00', 2),
(7, 9, 2200.00, '16-12-2023 16:40:00', 2),
(5, 10, 1900.00, '17-12-2023 08:30:00', 2),
(1, 11, 2050.00, '18-12-2023 09:50:00', 2),
(8, 12, 2300.00, '19-12-2023 11:10:00', 2),
(2, 13, 1750.00, '20-12-2023 13:00:00', 2),
(11, 14, 1950.00, '01-12-2023 08:30:00', 2),
(4, 15, 1700.00, '02-12-2023 09:45:00', 2),
(13, 16, 1850.00, '03-12-2023 10:15:00', 2),
(6, 17, 1600.00, '04-12-2023 11:00:00', 2),
(10, 18, 1750.00, '05-12-2023 13:30:00', 2),
(12, 19, 1650.00, '06-12-2023 14:45:00', 2),
(1, 20, 1500.00, '07-12-2023 15:00:00', 2),
(5, 1, 1900.00, '08-12-2023 16:20:00', 2),
(7, 2, 2200.00, '09-12-2023 08:00:00', 2),
(2, 3, 1800.00, '10-12-2023 09:10:00', 2),
(9, 4, 2100.00, '11-12-2023 10:30:00', 2),
(3, 5, 2000.00, '12-12-2023 12:00:00', 2),
(8, 6, 2300.00, '13-12-2023 13:15:00', 2),
(11, 7, 1950.00, '14-12-2023 14:45:00', 2),
(4, 8, 1700.00, '15-12-2023 15:20:00', 2),
(13, 9, 1850.00, '16-12-2023 16:40:00', 2),
(6, 10, 1600.00, '17-12-2023 08:30:00', 2),
(10, 11, 1750.00, '18-12-2023 09:50:00', 2),
(12, 12, 1650.00, '19-12-2023 11:10:00', 2),
(1, 13, 1500.00, '20-12-2023 13:00:00', 2),
(1, 1, 1500.00, '10-01-2024 08:30:00', 1),
(2, 2, 1800.00, '10-01-2024 09:45:00', 1),
(3, 3, 2000.00, '10-01-2024 10:15:00', 1),
(4, 4, 1700.00, '10-01-2024 11:00:00', 1),
(5, 5, 1900.00, '10-01-2024 13:30:00', 1),
(6, 6, 1600.00, '10-01-2024 14:45:00', 1),
(7, 7, 2200.00, '11-01-2024 15:00:00', 1),
(8, 8, 2300.00, '12-01-2024 16:20:00', 1),
(9, 9, 2100.00, '13-01-2024 08:00:00', 1),
(10, 10, 1750.00, '14-01-2024 09:10:00', 2),
(11, 11, 1950.00, '15-01-2024 10:30:00', 2),
(12, 12, 1650.00, '16-01-2024 12:00:00', 2),
(13, 13, 1850.00, '17-01-2024 13:15:00', 2),
(1, 14, 2050.00, '20-01-2024 14:45:00', 2),
(2, 15, 1750.00, '20-01-2024 15:20:00', 2),
(3, 16, 1950.00, '20-01-2024 16:40:00', 2),
(4, 17, 1850.00, '20-01-2024 08:30:00', 2),
(5, 18, 2150.00, '20-01-2024 09:50:00', 2),
(6, 19, 2250.00, '20-01-2024 11:10:00', 2),
(7, 20, 2350.00, '20-01-2024 13:00:00', 2),
(1, 1, 1900.00, '08-12-2023 16:20:00', 1),
(2, 2, 2200.00, '09-12-2023 08:00:00', 1),
(3, 3, 1800.00, '10-12-2023 09:10:00', 1),
(4, 4, 2100.00, '11-12-2023 10:30:00', 1),
(5, 5, 2000.00, '12-12-2023 12:00:00', 1),
(6, 6, 2300.00, '13-12-2023 13:15:00', 1),
(7, 7, 1950.00, '14-12-2023 14:45:00', 1),
(8, 8, 1700.00, '15-12-2023 15:20:00', 1),
(9, 9, 1850.00, '16-12-2023 16:40:00', 1),
(10, 10, 1600.00, '17-12-2023 08:30:00', 2),
(11, 11, 1750.00, '18-12-2023 09:50:00', 2),
(12, 12, 1650.00, '19-12-2023 11:10:00', 2),
(13, 13, 1500.00, '20-12-2023 13:00:00', 2),
(4, 4, 1700.00, '10-01-2024 11:00:00', 2),
(5, 5, 1900.00, '10-01-2024 13:30:00', 2),
(6, 6, 1600.00, '10-01-2024 14:45:00', 2),
(7, 7, 2200.00, '11-01-2024 15:00:00', 2),
(8, 8, 2300.00, '12-01-2024 16:20:00', 2),
(9, 9, 2100.00, '13-01-2024 08:00:00', 2),
(13, 13, 1850.00, '17-01-2024 13:15:00', 2);

INSERT INTO CategoryServices (ServiceFK, ExecutionTime, Category) 
VALUES 
(1, 1, 1),
(2, 2, 2),
(3, 3, 3),
(4, 4, 4),
(5, 5, 5),
(6, 6, 6),
(7, 7, 7),
(8, 8, 8),
(9, 1, 1),
(10, 2, 2),
(11, 3, 3),
(12, 4, 4),
(13, 5, 5),
(14, 6, 6),
(15, 7, 7),
(16, 8, 8),
(17, 1, 1),
(18, 2, 2),
(19, 3, 3),
(20, 4, 4),
(21, 5, 5),
(22, 6, 6),
(23, 7, 7),
(24, 8, 8),
(25, 1, 1),
(26, 2, 2),
(27, 3, 3),
(28, 4, 4),
(29, 5, 5),
(30, 6, 6),
(31, 7, 7),
(32, 8, 8),
(33, 1, 1),
(34, 2, 2),
(35, 3, 3),
(36, 4, 4),
(37, 5, 5),
(38, 6, 6),
(39, 7, 7),
(40, 8, 8),
(41, 1, 1),
(42, 2, 2),
(43, 3, 3),
(44, 4, 4),
(45, 5, 5),
(46, 6, 6),
(47, 7, 7),
(48, 8, 8),
(49, 1, 1),
(50, 2, 2),
(51, 3, 3),
(52, 4, 4),
(53, 5, 5),
(54, 6, 6),
(55, 7, 7),
(56, 8, 8),
(57, 1, 1),
(58, 2, 2),
(59, 3, 3),
(60, 4, 4),
(61, 5, 5),
(62, 6, 6),
(63, 7, 7),
(64, 8, 8),
(65, 1, 1),
(66, 2, 2),
(67, 3, 3),
(68, 4, 4),
(69, 5, 5),
(70, 6, 6),
(71, 7, 7),
(72, 8, 8),
(73, 1, 1),
(74, 2, 2),
(75, 3, 3),
(76, 4, 4),
(77, 5, 5),
(78, 6, 6),
(79, 7, 7),
(80, 8, 8),
(81, 1, 1),
(82, 2, 2),
(83, 3, 3),
(84, 4, 4),
(85, 5, 5),
(86, 6, 6),
(87, 7, 7),
(88, 8, 8),
(89, 1, 1),
(90, 2, 2),
(91, 3, 3),
(92, 4, 4),
(93, 5, 5),
(94, 6, 6),
(95, 7, 7),
(96, 8, 8),
(97, 1, 1),
(98, 2, 2),
(99, 3, 3),
(100, 4, 4);

INSERT INTO Part (CategoryServiceFK, Quantity, Value, Availability, Name, Location) 
VALUES 
(1, 10, 50.00, 'In stock', 'Motor', 'Prateleira A1'),
(2, 15, 30.00, 'In stock', 'Transmissão', 'Prateleira B2'),
(3, 20, 25.00, 'In stock', 'Embreagem', 'Prateleira C3'),
(4, 12, 40.00, 'In stock', 'Freios', 'Prateleira D4'),
(5, 8, 60.00, 'In stock', 'Radiador', 'Prateleira E5'),
(6, 5, 70.00, 'In stock', 'Alternador', 'Prateleira F6'),
(7, 18, 35.00, 'In stock', 'Bateria', 'Prateleira G7'),
(8, 14, 45.00, 'In stock', 'Filtro de ar', 'Prateleira H8'),
(9, 22, 20.00, 'In stock', 'Velas de ignição', 'Prateleira I9'),
(10, 16, 55.00, 'In stock', 'Bomba de combustível', 'Prateleira J10'),
(11, 11, 65.00, 'In stock', 'Direção hidráulica', 'Prateleira K11'),
(12, 9, 75.00, 'In stock', 'Compressor de ar', 'Prateleira L12'),
(13, 23, 40.00, 'In stock', 'Válvulas', 'Prateleira M13'),
(14, 7, 80.00, 'In stock', 'Pistões', 'Prateleira N14'),
(15, 17, 35.00, 'In stock', 'Amortecedores', 'Prateleira O15'),
(16, 10, 50.00, 'In stock', 'Eixo traseiro', 'Prateleira P16'),
(17, 13, 30.00, 'In stock', 'Correia', 'Prateleira Q17'),
(18, 19, 25.00, 'In stock', 'Turbocompressor', 'Prateleira R18'),
(19, 25, 20.00, 'In stock', 'Radiador de óleo', 'Prateleira S19'),
(20, 18, 45.00, 'In stock', 'Junta do cabeçote', 'Prateleira T20'),
(21, 30, 40.00, 'In stock', 'Sensor de temperatura', 'Prateleira U21'),
(22, 25, 35.00, 'In stock', 'Sensor de pressão de óleo', 'Prateleira V22'),
(23, 20, 50.00, 'In stock', 'Sensor de oxigênio', 'Prateleira W23'),
(24, 15, 60.00, 'In stock', 'Bomba de água', 'Prateleira X24'),
(25, 10, 70.00, 'In stock', 'Corpo de borboleta', 'Prateleira Y25'),
(26, 5, 80.00, 'In stock', 'Cilindro mestre', 'Prateleira Z26'),
(27, 30, 45.00, 'In stock', 'Corpo de borboleta eletrônico', 'Prateleira AA27'),
(28, 25, 55.00, 'In stock', 'Sensor de posição da borboleta', 'Prateleira AB28'),
(29, 20, 65.00, 'In stock', 'Válvula termostática', 'Prateleira AC29'),
(30, 15, 75.00, 'In stock', 'Módulo de controle do motor', 'Prateleira AD30'),
(31, 10, 40.00, 'In stock', 'Interruptor de pressão do óleo', 'Prateleira AE31'),
(32, 5, 50.00, 'In stock', 'Válvula EGR', 'Prateleira AF32'),
(33, 30, 30.00, 'In stock', 'Sensor de rotação do virabrequim', 'Prateleira AG33'),
(34, 25, 25.00, 'In stock', 'Interruptor de temperatura do líquido de arrefecimento', 'Prateleira AH34'),
(35, 20, 20.00, 'In stock', 'Sensor de pressão do ar de admissão', 'Prateleira AI35'),
(36, 15, 45.00, 'In stock', 'Atuador de marcha lenta', 'Prateleira AJ36'),
(37, 10, 35.00, 'In stock', 'Bobina de ignição', 'Prateleira AK37'),
(38, 5, 55.00, 'In stock', 'Sensor de posição do virabrequim', 'Prateleira AL38'),
(39, 30, 65.00, 'In stock', 'Catalisador', 'Prateleira AM39'),
(40, 25, 75.00, 'In stock', 'Sonda lambda', 'Prateleira AN40'),
(41, 20, 40.00, 'In stock', 'Válvula de controle do ar ocioso', 'Prateleira AO41'),
(42, 15, 50.00, 'In stock', 'Válvula de controle de emissões', 'Prateleira AP42'),
(43, 10, 60.00, 'In stock', 'Bomba de combustível elétrica', 'Prateleira AQ43'),
(44, 5, 70.00, 'In stock', 'Sensor de fase', 'Prateleira AR44'),
(45, 30, 80.00, 'In stock', 'Sistema de ignição eletrônica', 'Prateleira AS45'),
(46, 25, 30.00, 'In stock', 'Sensor de posição do pedal do acelerador', 'Prateleira AT46'),
(47, 20, 25.00, 'In stock', 'Sensor de detonação', 'Prateleira AU47'),
(48, 15, 20.00, 'In stock', 'Sensor de pressão do coletor de admissão', 'Prateleira AV48'),
(49, 10, 45.00, 'In stock', 'Bobina de ignição do motor', 'Prateleira AW49'),
(50, 5, 35.00, 'In stock', 'Corpo de borboleta do acelerador eletrônico', 'Prateleira AX50');


INSERT INTO Customers (ContactFK, DealerFK, Name, CPF) 
VALUES 
(1, 5, 'José da Silva', '12345678901'),
(2, 9, 'Maria Oliveira', '23456789012'),
(3, 2, 'Carlos Santos', '34567890123'),
(4, 11, 'Ana Pereira', '45678901234'),
(5, 7, 'João Souza', '56789012345'),
(6, 10, 'Luiza Almeida', '67890123456'),
(7, 3, 'Fernanda Lima', '78901234567'),
(8, 13, 'Ricardo Martins', '89012345678'),
(9, 6, 'Amanda Silva', '90123456789'),
(10, 8, 'Gabriel Oliveira', '01234567890'),
(11, 4, 'Isabela Costa', '12345678901'),
(12, 1, 'Daniel Rodrigues', '23456789012'),
(13, 12, 'Laura Nunes', '34567890123'),
(14, 3, 'Felipe Pereira', '45678901234'),
(15, 11, 'Juliana Santos', '56789012345'),
(16, 9, 'Mariana Almeida', '67890123456'),
(17, 5, 'Paulo Souza', '78901234567'),
(18, 10, 'Camila Lima', '89012345678'),
(19, 2, 'Eduardo Martins', '90123456789'),
(20, 7, 'Aline Silva', '01234567890'),
(21, 8, 'Larissa Oliveira', '12345678901'),
(22, 4, 'Marcos Costa', '23456789012'),
(23, 1, 'Carolina Rodrigues', '34567890123'),
(24, 12, 'Roberto Nunes', '45678901234'),
(25, 6, 'Renata Silva', '56789012345'),
(26, 11, 'Thiago Santos', '67890123456'),
(27, 3, 'Patrícia Lima', '78901234567'),
(28, 9, 'Lucas Almeida', '89012345678'),
(29, 2, 'Vanessa Martins', '90123456789'),
(30, 7, 'Diego Silva', '01234567890'),
(31, 5, 'Carla Souza', '12345678901'),
(32, 10, 'Roberta Lima', '23456789012'),
(33, 13, 'Mateus Oliveira', '34567890123'),
(34, 8, 'Juliano Pereira', '45678901234'),
(35, 4, 'Fernando Santos', '56789012345'),
(36, 1, 'Marina Almeida', '67890123456'),
(37, 12, 'Gustavo Costa', '78901234567'),
(38, 6, 'Nathalia Lima', '89012345678'),
(39, 11, 'Thais Martins', '90123456789'),
(40, 3, 'Luciana Silva', '01234567890');


INSERT INTO Vehicles (CustomerFK, ChassisNumber, Year, Value, Kilometrage, Model, Color, SystemVersion) 
VALUES 
(1, 123456, 2020, 150000.00, 50000.00, 'FH16', 'Blue', 'VOLVO FH16 D13A'),
(2, 234567, 2019, 140000.00, 55000.00, 'FH', 'Red', 'VOLVO FH D13K'),
(3, 345678, 2021, 160000.00, 60000.00, 'FM', 'Yellow', 'VOLVO FM D11K'),
(4, 456789, 2018, 130000.00, 45000.00, 'FH460', 'Green', 'VOLVO FH460 D13C'),
(5, 567890, 2020, 155000.00, 48000.00, 'FH500', 'White', 'VOLVO FH500 D13D'),
(6, 678901, 2019, 145000.00, 52000.00, 'FMX', 'Black', 'VOLVO FMX D11E'),
(7, 789012, 2021, 165000.00, 58000.00, 'FH520', 'Gray', 'VOLVO FH520 D13E'),
(8, 890123, 2018, 135000.00, 49000.00, 'FM370', 'Silver', 'VOLVO FM370 D11F'),
(9, 901234, 2020, 152000.00, 51000.00, 'FH540', 'Orange', 'VOLVO FH540 D13G'),
(10, 123012, 2019, 142000.00, 54000.00, 'FM460', 'Brown', 'VOLVO FM460 D11H'),
(11, 234123, 2021, 162000.00, 59000.00, 'FMX460', 'Beige', 'VOLVO FMX460 D13I'),
(12, 345234, 2018, 132000.00, 46000.00, 'FH480', 'Purple', 'VOLVO FH480 D13J'),
(13, 456345, 2020, 157000.00, 49000.00, 'FM370', 'Cyan', 'VOLVO FM370 D11K'),
(14, 567456, 2019, 147000.00, 53000.00, 'FMX370', 'Magenta', 'VOLVO FMX370 D11L'),
(15, 678567, 2021, 167000.00, 59000.00, 'FH500', 'Lime', 'VOLVO FH500 D13M'),
(16, 789678, 2018, 137000.00, 48000.00, 'FH540', 'Turquoise', 'VOLVO FH540 D13N'),
(17, 890789, 2020, 154000.00, 52000.00, 'FM460', 'Navy', 'VOLVO FM460 D11O'),
(18, 901890, 2019, 144000.00, 56000.00, 'FH460', 'Teal', 'VOLVO FH460 D13P'),
(19, 123901, 2021, 164000.00, 60000.00, 'FMX460', 'Maroon', 'VOLVO FMX460 D11Q'),
(20, 234012, 2018, 134000.00, 47000.00, 'FH500', 'Olive', 'VOLVO FH500 D13R'),
(21, 123456, 2020, 150000.00, 50000.00, 'FH16', 'Blue', 'VOLVO FH16 D13A'),
(22, 234567, 2019, 140000.00, 55000.00, 'FH', 'Red', 'VOLVO FH D13K'),
(23, 345678, 2021, 160000.00, 60000.00, 'FM', 'Yellow', 'VOLVO FM D11K'),
(24, 456789, 2018, 130000.00, 45000.00, 'FH460', 'Green', 'VOLVO FH460 D13C'),
(25, 567890, 2020, 155000.00, 48000.00, 'FH500', 'White', 'VOLVO FH500 D13D'),
(26, 678901, 2019, 145000.00, 52000.00, 'FMX', 'Black', 'VOLVO FMX D11E'),
(27, 789012, 2021, 165000.00, 58000.00, 'FH520', 'Gray', 'VOLVO FH520 D13E'),
(28, 890123, 2018, 135000.00, 49000.00, 'FM370', 'Silver', 'VOLVO FM370 D11F'),
(29, 901234, 2020, 152000.00, 51000.00, 'FH540', 'Orange', 'VOLVO FH540 D13G'),
(30, 123012, 2019, 142000.00, 54000.00, 'FM460', 'Brown', 'VOLVO FM460 D11H'),
(31, 234123, 2021, 162000.00, 59000.00, 'FMX460', 'Beige', 'VOLVO FMX460 D13I'),
(32, 345234, 2018, 132000.00, 46000.00, 'FH480', 'Purple', 'VOLVO FH480 D13J'),
(33, 456345, 2020, 157000.00, 49000.00, 'FM370', 'Cyan', 'VOLVO FM370 D11K'),
(34, 567456, 2019, 147000.00, 53000.00, 'FMX370', 'Magenta', 'VOLVO FMX370 D11L'),
(35, 678567, 2021, 167000.00, 59000.00, 'FH500', 'Lime', 'VOLVO FH500 D13M'),
(36, 789678, 2018, 137000.00, 48000.00, 'FH540', 'Turquoise', 'VOLVO FH540 D13N'),
(37, 890789, 2020, 154000.00, 52000.00, 'FM460', 'Navy', 'VOLVO FM460 D11O'),
(38, 901890, 2019, 144000.00, 56000.00, 'FH460', 'Teal', 'VOLVO FH460 D13P'),
(39, 123901, 2021, 164000.00, 60000.00, 'FMX460', 'Maroon', 'VOLVO FMX460 D11Q'),
(40, 234012, 2018, 134000.00, 47000.00, 'FH500', 'Olive', 'VOLVO FH500 D13R');

INSERT INTO Bills (CustomerFK, ServiceFK, Amount) 
VALUES 
(1, 1, 0),
(2, 2, 0),
(3, 3, 0),
(4, 4, 0),
(5, 5, 0),
(6, 6, 0),
(7, 7, 0),
(8, 8, 0),
(9, 9, 0),
(10, 10, 0),
(11, 11, 0),
(12, 12, 0),
(13, 13, 0),
(14, 14, 0),
(15, 15, 0),
(16, 16, 0),
(17, 17, 0),
(18, 18, 0),
(19, 19, 0),
(20, 20, 0),
(21, 21, 0),
(22, 22, 0),
(23, 23, 0),
(24, 24, 0),
(25, 25, 0),
(26, 26, 0),
(27, 27, 0),
(28, 28, 0),
(29, 29, 0),
(30, 30, 0),
(31, 31, 0),
(32, 32, 0),
(33, 33, 0),
(34, 34, 0),
(35, 35, 0),
(36, 36, 0),
(37, 37, 0),
(38, 38, 0),
(39, 39, 0),
(40, 40, 0);
